<?xml version="1.0" encoding="UTF-8"?>
<rss version="2.0" xmlns:atom="http://www.w3.org/2005/Atom">
  <channel>
    <title>fffabs</title>
    <description>fffabs &amp;copy 2015 - go create!
</description>
    <link>http://f-word.co/</link>
    <atom:link href="http://f-word.co/feed.xml" rel="self" type="application/rss+xml"/>
    <pubDate>Thu, 22 Jan 2015 17:18:12 +0000</pubDate>
    <lastBuildDate>Thu, 22 Jan 2015 17:18:12 +0000</lastBuildDate>
    <generator>Jekyll v2.5.3</generator>
    
      <item>
        <title>My new year!</title>
        <description>&lt;p&gt;You’ll find this post in your &lt;code&gt;_posts&lt;/code&gt; directory. Go ahead and edit it and re-build the site to see your changes. You can rebuild the site in many different ways, but the most common way is to run &lt;code&gt;jekyll serve&lt;/code&gt;, which launches a web server and auto-regenerates your site when a file is updated.&lt;/p&gt;

&lt;p&gt;To add new posts, simply add a file in the &lt;code&gt;_posts&lt;/code&gt; directory that follows the convention &lt;code&gt;YYYY-MM-DD-name-of-post.ext&lt;/code&gt; and includes the necessary front matter. Take a look at the source for this post to get an idea about how it works.&lt;/p&gt;

&lt;p&gt;Jekyll also offers powerful support for code snippets:
&lt;!-- linenos --&gt;&lt;/p&gt;

&lt;div class=&quot;highlight&quot;&gt;&lt;pre&gt;&lt;code class=&quot;language-ruby&quot; data-lang=&quot;ruby&quot;&gt;&lt;span class=&quot;k&quot;&gt;def&lt;/span&gt; &lt;span class=&quot;nf&quot;&gt;print_hi&lt;/span&gt;&lt;span class=&quot;p&quot;&gt;(&lt;/span&gt;&lt;span class=&quot;nb&quot;&gt;name&lt;/span&gt;&lt;span class=&quot;p&quot;&gt;)&lt;/span&gt;
  &lt;span class=&quot;nb&quot;&gt;puts&lt;/span&gt; &lt;span class=&quot;s2&quot;&gt;&amp;quot;Hi, &lt;/span&gt;&lt;span class=&quot;si&quot;&gt;#{&lt;/span&gt;&lt;span class=&quot;nb&quot;&gt;name&lt;/span&gt;&lt;span class=&quot;si&quot;&gt;}&lt;/span&gt;&lt;span class=&quot;s2&quot;&gt;&amp;quot;&lt;/span&gt;
&lt;span class=&quot;k&quot;&gt;end&lt;/span&gt;
&lt;span class=&quot;n&quot;&gt;print_hi&lt;/span&gt;&lt;span class=&quot;p&quot;&gt;(&lt;/span&gt;&lt;span class=&quot;s1&quot;&gt;&amp;#39;Tom&amp;#39;&lt;/span&gt;&lt;span class=&quot;p&quot;&gt;)&lt;/span&gt;
&lt;span class=&quot;c1&quot;&gt;#=&amp;gt; prints &amp;#39;Hi, Tom&amp;#39; to STDOUT.&lt;/span&gt;&lt;/code&gt;&lt;/pre&gt;&lt;/div&gt;

&lt;p&gt;Check out the &lt;a href=&quot;http://jekyllrb.com&quot;&gt;Jekyll docs&lt;/a&gt; for more info on how to get the most out of Jekyll. File all bugs/feature requests at &lt;a href=&quot;https://github.com/jekyll/jekyll&quot;&gt;Jekyll’s GitHub repo&lt;/a&gt;. If you have questions, you can ask them on &lt;a href=&quot;https://github.com/jekyll/jekyll-help&quot;&gt;Jekyll’s dedicated Help repository&lt;/a&gt;.&lt;/p&gt;

</description>
        <pubDate>Fri, 02 Jan 2015 12:49:22 +0000</pubDate>
        <link>http://f-word.co/my-new-year/</link>
        <guid isPermaLink="true">http://f-word.co/my-new-year/</guid>
        
        
        <category>new</category>
        
        <category>year</category>
        
        <category>resolution</category>
        
      </item>
    
      <item>
        <title>Playing with UI</title>
        <description>&lt;p&gt;AT&amp;amp;T You’ll find this post in your &lt;code&gt;_posts&lt;/code&gt; directory. Go ahead and edit it and re-build the site to see your changes. You can rebuild the site in many different ways, but the most common way is to run &lt;code&gt;jekyll serve&lt;/code&gt;, which launches a web server and auto-regenerates your site when a file is updated.&lt;/p&gt;

&lt;p&gt;&lt;img src=&quot;/assets/images/FlakCannon_Large.png&quot; alt=&quot;My Flak Cannon&quot; /&gt;&lt;/p&gt;

&lt;p&gt;To add new posts, simply add a file in the &lt;code&gt;_posts&lt;/code&gt; directory that follows the convention &lt;code&gt;YYYY-MM-DD-name-of-post.ext&lt;/code&gt; and includes the necessary front matter. Take a look at the source for this post to get an idea about how it works.&lt;/p&gt;

&lt;p&gt;Trying out lists:&lt;/p&gt;

&lt;ul&gt;
  &lt;li&gt;Item&lt;/li&gt;
  &lt;li&gt;Item 2&lt;/li&gt;
  &lt;li&gt;Item 3&lt;/li&gt;
&lt;/ul&gt;

&lt;p&gt;Or Ordered lists&lt;/p&gt;

&lt;ol&gt;
  &lt;li&gt;Yo&lt;/li&gt;
  &lt;li&gt;Is&lt;/li&gt;
  &lt;li&gt;Cool&lt;/li&gt;
&lt;/ol&gt;

&lt;p&gt;Nested Lists&lt;/p&gt;

&lt;ol&gt;
  &lt;li&gt;Item 1
    &lt;ol&gt;
      &lt;li&gt;A corollary to the above item.&lt;/li&gt;
      &lt;li&gt;Yet another point to consider.&lt;/li&gt;
    &lt;/ol&gt;
  &lt;/li&gt;
  &lt;li&gt;Item 2
    &lt;ul&gt;
      &lt;li&gt;A corollary that does not need to be ordered.
        &lt;ul&gt;
          &lt;li&gt;This is indented four spaces, because it’s two spaces further than the item above.&lt;/li&gt;
          &lt;li&gt;You might want to consider makign a new list.&lt;/li&gt;
        &lt;/ul&gt;
      &lt;/li&gt;
    &lt;/ul&gt;
  &lt;/li&gt;
  &lt;li&gt;Item 3&lt;/li&gt;
&lt;/ol&gt;

&lt;p&gt;In the words of Abraham Lincoln:&lt;/p&gt;

&lt;blockquote&gt;
  &lt;p&gt;Pardon my french&lt;/p&gt;
&lt;/blockquote&gt;

&lt;hr /&gt;

&lt;p&gt;&lt;em&gt;This text will be italic&lt;/em&gt;&lt;/p&gt;

&lt;p&gt;&lt;strong&gt;This text will be bold&lt;/strong&gt;&lt;/p&gt;

&lt;p&gt;&lt;strong&gt;Everyone &lt;em&gt;must&lt;/em&gt; attend the meeting at 5 o’clock today.&lt;/strong&gt;&lt;/p&gt;

&lt;hr /&gt;

&lt;p&gt;Check out this neat program I wrote:&lt;/p&gt;

&lt;p&gt;&lt;code&gt;x = 2
x = 2 + 2
what is x
&lt;/code&gt;&lt;/p&gt;
</description>
        <pubDate>Fri, 12 Dec 2014 12:07:22 +0000</pubDate>
        <link>http://f-word.co/playing-with-UI/</link>
        <guid isPermaLink="true">http://f-word.co/playing-with-UI/</guid>
        
        
        <category>ui</category>
        
        <category>experiment</category>
        
      </item>
    
      <item>
        <title>It&#39;s a new game</title>
        <description>&lt;p&gt;You’ll find this post in your &lt;code&gt;_posts&lt;/code&gt; directory. Go ahead and edit it and re-build the site to see your changes. You can rebuild the site in many different ways, but the most common way is to run &lt;code&gt;jekyll serve&lt;/code&gt;, which launches a web server and auto-regenerates your site when a file is updated.&lt;/p&gt;

&lt;p&gt;To add new posts, simply add a file in the &lt;code&gt;_posts&lt;/code&gt; directory that follows the convention &lt;code&gt;YYYY-MM-DD-name-of-post.ext&lt;/code&gt; and includes the necessary front matter. Take a look at the source for this post to get an idea about how it works.&lt;/p&gt;

&lt;p&gt;&lt;img src=&quot;/assets/images/Queen_Full.jpg&quot; alt=&quot;Queen Full&quot; /&gt;&lt;/p&gt;

&lt;p&gt;Check out the &lt;a href=&quot;http://jekyllrb.com&quot;&gt;Jekyll docs&lt;/a&gt; for more info on how to get the most out of Jekyll. File all bugs/feature requests at &lt;a href=&quot;https://github.com/jekyll/jekyll&quot;&gt;Jekyll’s GitHub repo&lt;/a&gt;. If you have questions, you can ask them on &lt;a href=&quot;https://github.com/jekyll/jekyll-help&quot;&gt;Jekyll’s dedicated Help repository&lt;/a&gt;.&lt;/p&gt;

</description>
        <pubDate>Thu, 11 Dec 2014 12:07:22 +0000</pubDate>
        <link>http://f-word.co/its-a-new-game/</link>
        <guid isPermaLink="true">http://f-word.co/its-a-new-game/</guid>
        
        
        <category>jekyll</category>
        
      </item>
    
      <item>
        <title>This is new</title>
        <description>&lt;p&gt;You’ll find this post in your &lt;code&gt;_posts&lt;/code&gt; directory. Go ahead and edit it and re-build the site to see your changes. You can rebuild the site in many different ways, but the most common way is to run &lt;code&gt;jekyll serve&lt;/code&gt;, which launches a web server and auto-regenerates your site when a file is updated.&lt;/p&gt;

&lt;blockquote class=&quot;twitter-tweet&quot; lang=&quot;en&quot; data-link-color=&quot;#F26452&quot;&gt;&lt;p&gt;My studio (&lt;a href=&quot;https://twitter.com/BrotherhoodIO&quot;&gt;@BrotherhoodIO&lt;/a&gt;) is currently looking for new projects. Get in touch if you’re interested! (Any retweets appreciated) :)&lt;/p&gt;&amp;mdash; ғάвισ ↬ (@fffabs) &lt;a href=&quot;https://twitter.com/fffabs/status/530722531272323073&quot;&gt;November 7, 2014&lt;/a&gt;&lt;/blockquote&gt;
&lt;script async=&quot;&quot; src=&quot;//platform.twitter.com/widgets.js&quot; charset=&quot;utf-8&quot;&gt;&lt;/script&gt;

&lt;p&gt;To add new posts, simply add a file in the &lt;code&gt;_posts&lt;/code&gt; directory that follows the convention &lt;code&gt;YYYY-MM-DD-name-of-post.ext&lt;/code&gt; and includes the necessary front matter. Take a look at the source for this post to get an idea about how it works.&lt;/p&gt;

&lt;p&gt;Jekyll also offers powerful support for code snippets:&lt;/p&gt;

&lt;div class=&quot;highlight&quot;&gt;&lt;pre&gt;&lt;code class=&quot;language-coffeescript&quot; data-lang=&quot;coffeescript&quot;&gt;&lt;span class=&quot;nx&quot;&gt;layerA&lt;/span&gt;&lt;span class=&quot;p&quot;&gt;.&lt;/span&gt;&lt;span class=&quot;nx&quot;&gt;animate&lt;/span&gt;
    &lt;span class=&quot;nv&quot;&gt;properties:&lt;/span&gt;
        &lt;span class=&quot;nx&quot;&gt;x&lt;/span&gt;&lt;span class=&quot;o&quot;&gt;:&lt;/span&gt;&lt;span class=&quot;mi&quot;&gt;200&lt;/span&gt;
    &lt;span class=&quot;nv&quot;&gt;curve: &lt;/span&gt;&lt;span class=&quot;s&quot;&gt;&amp;quot;ease-in-out&amp;quot;&lt;/span&gt;

&lt;span class=&quot;nx&quot;&gt;layerA&lt;/span&gt;&lt;span class=&quot;p&quot;&gt;.&lt;/span&gt;&lt;span class=&quot;nx&quot;&gt;on&lt;/span&gt; &lt;span class=&quot;nx&quot;&gt;Events&lt;/span&gt;&lt;span class=&quot;p&quot;&gt;.&lt;/span&gt;&lt;span class=&quot;nx&quot;&gt;AnimationEnd&lt;/span&gt;&lt;span class=&quot;p&quot;&gt;,&lt;/span&gt; &lt;span class=&quot;nf&quot;&gt;-&amp;gt;&lt;/span&gt;
    &lt;span class=&quot;nx&quot;&gt;layerA&lt;/span&gt;&lt;span class=&quot;p&quot;&gt;.&lt;/span&gt;&lt;span class=&quot;nx&quot;&gt;animate&lt;/span&gt;
        &lt;span class=&quot;nv&quot;&gt;properties:&lt;/span&gt;
            &lt;span class=&quot;nx&quot;&gt;x&lt;/span&gt;&lt;span class=&quot;o&quot;&gt;:&lt;/span&gt;&lt;span class=&quot;mi&quot;&gt;100&lt;/span&gt;
        &lt;span class=&quot;nv&quot;&gt;curve: &lt;/span&gt;&lt;span class=&quot;s&quot;&gt;&amp;quot;ease-in-out&amp;quot;&lt;/span&gt;&lt;/code&gt;&lt;/pre&gt;&lt;/div&gt;

&lt;p&gt;Check out the &lt;a href=&quot;http://jekyllrb.com&quot;&gt;Jekyll docs&lt;/a&gt; for more info on how to get the most out of Jekyll. File all bugs/feature requests at &lt;a href=&quot;https://github.com/jekyll/jekyll&quot;&gt;Jekyll’s GitHub repo&lt;/a&gt;. If you have questions, you can ask them on &lt;a href=&quot;https://github.com/jekyll/jekyll-help&quot;&gt;Jekyll’s dedicated Help repository&lt;/a&gt;.&lt;/p&gt;

</description>
        <pubDate>Mon, 08 Dec 2014 01:07:22 +0000</pubDate>
        <link>http://f-word.co/this-is-new/</link>
        <guid isPermaLink="true">http://f-word.co/this-is-new/</guid>
        
        
        <category>jekyll</category>
        
        <category>update</category>
        
      </item>
    
      <item>
        <title>Welcome to Jekyll!</title>
        <description>&lt;p&gt;You’ll find this post in your &lt;code&gt;_posts&lt;/code&gt; directory. Go ahead and edit it and re-build the site to see your changes. You can rebuild the site in many different ways, but the most common way is to run &lt;code&gt;jekyll serve&lt;/code&gt;, which launches a web server and auto-regenerates your site when a file is updated.&lt;/p&gt;

&lt;p&gt;To add new posts, simply add a file in the &lt;code&gt;_posts&lt;/code&gt; directory that follows the convention &lt;code&gt;YYYY-MM-DD-name-of-post.ext&lt;/code&gt; and includes the necessary front matter. Take a look at the source for this post to get an idea about how it works.&lt;/p&gt;

&lt;p&gt;Jekyll also offers powerful support for code snippets:
&lt;!-- linenos --&gt;&lt;/p&gt;

&lt;div class=&quot;highlight&quot;&gt;&lt;pre&gt;&lt;code class=&quot;language-ruby&quot; data-lang=&quot;ruby&quot;&gt;&lt;span class=&quot;k&quot;&gt;def&lt;/span&gt; &lt;span class=&quot;nf&quot;&gt;print_hi&lt;/span&gt;&lt;span class=&quot;p&quot;&gt;(&lt;/span&gt;&lt;span class=&quot;nb&quot;&gt;name&lt;/span&gt;&lt;span class=&quot;p&quot;&gt;)&lt;/span&gt;
  &lt;span class=&quot;nb&quot;&gt;puts&lt;/span&gt; &lt;span class=&quot;s2&quot;&gt;&amp;quot;Hi, &lt;/span&gt;&lt;span class=&quot;si&quot;&gt;#{&lt;/span&gt;&lt;span class=&quot;nb&quot;&gt;name&lt;/span&gt;&lt;span class=&quot;si&quot;&gt;}&lt;/span&gt;&lt;span class=&quot;s2&quot;&gt;&amp;quot;&lt;/span&gt;
&lt;span class=&quot;k&quot;&gt;end&lt;/span&gt;
&lt;span class=&quot;n&quot;&gt;print_hi&lt;/span&gt;&lt;span class=&quot;p&quot;&gt;(&lt;/span&gt;&lt;span class=&quot;s1&quot;&gt;&amp;#39;Tom&amp;#39;&lt;/span&gt;&lt;span class=&quot;p&quot;&gt;)&lt;/span&gt;
&lt;span class=&quot;c1&quot;&gt;#=&amp;gt; prints &amp;#39;Hi, Tom&amp;#39; to STDOUT.&lt;/span&gt;&lt;/code&gt;&lt;/pre&gt;&lt;/div&gt;

&lt;p&gt;Check out the &lt;a href=&quot;http://jekyllrb.com&quot;&gt;Jekyll docs&lt;/a&gt; for more info on how to get the most out of Jekyll. File all bugs/feature requests at &lt;a href=&quot;https://github.com/jekyll/jekyll&quot;&gt;Jekyll’s GitHub repo&lt;/a&gt;. If you have questions, you can ask them on &lt;a href=&quot;https://github.com/jekyll/jekyll-help&quot;&gt;Jekyll’s dedicated Help repository&lt;/a&gt;.&lt;/p&gt;

</description>
        <pubDate>Sun, 08 Sep 2013 00:38:22 +0100</pubDate>
        <link>http://f-word.co/welcome-to-jekyll/</link>
        <guid isPermaLink="true">http://f-word.co/welcome-to-jekyll/</guid>
        
        
        <category>jekyll</category>
        
        <category>update</category>
        
      </item>
    
  </channel>
</rss>
